PERIODO;ID PROVINCIA;PROVINCIA;ID DEPARTAMENTO;DEPARTAMENTO;HUERTAS FAMILIARES;HUERTAS ESCOLARES;HUERTAS COMUNITARIAS E INSTITUCIONALES
2019-02-01;06;BUENOS AIRES;06854;25 DE MAYO;988;44;3
2019-02-01;06;BUENOS AIRES;06588;9 DE JULIO;0;13;0
2019-02-01;06;BUENOS AIRES;06007;ADOLFO ALSINA;333;32;12
2019-02-01;06;BUENOS AIRES;06014;ADOLFO GONZALES CHAVES;197;13;1
2019-02-01;06;BUENOS AIRES;06021;ALBERTI;318;16;0
2019-02-01;06;BUENOS AIRES;06077;ARRECIFES;101;1;7
2019-02-01;06;BUENOS AIRES;06042;AYACUCHO;183;6;2
2019-02-01;06;BUENOS AIRES;06049;AZUL;1219;30;20
2019-02-01;06;BUENOS AIRES;06056;BAHIA BLANCA;589;18;16
2019-02-01;06;BUENOS AIRES;06063;BALCARCE;646;25;15
2019-02-01;06;BUENOS AIRES;06070;BARADERO;581;45;18
2019-02-01;06;BUENOS AIRES;06084;BENITO JUAREZ;381;14;8
2019-02-01;06;BUENOS AIRES;06098;BERISSO;2432;32;31
2019-02-01;06;BUENOS AIRES;06105;BOLIVAR;696;11;5
2019-02-01;06;BUENOS AIRES;06112;BRAGADO;902;44;4
2019-02-01;06;BUENOS AIRES;06119;BRANDSEN;851;15;8
2019-02-01;06;BUENOS AIRES;06126;CAMPANA;449;32;7
2019-02-01;06;BUENOS AIRES;06134;CAÑUELAS;853;2;0
2019-02-01;06;BUENOS AIRES;06140;CAPITAN SARMIENTO;18;5;3
2019-02-01;06;BUENOS AIRES;06147;CARLOS CASARES;875;28;1
2019-02-01;06;BUENOS AIRES;06154;CARLOS TEJEDOR;456;15;1
2019-02-01;06;BUENOS AIRES;06161;CARMEN DE ARECO;359;15;20
2019-02-01;06;BUENOS AIRES;06168;CASTELLI;406;0;2
2019-02-01;06;BUENOS AIRES;06210;CHACABUCO;716;17;15
2019-02-01;06;BUENOS AIRES;06217;CHASCOMUS;637;13;5
2019-02-01;06;BUENOS AIRES;06002;CHIVILCOY;1606;45;20
2019-02-01;06;BUENOS AIRES;06175;COLON;420;10;1
2019-02-01;06;BUENOS AIRES;06182;CORONEL DE MARINA L ROSALES;249;8;10
2019-02-01;06;BUENOS AIRES;06189;CORONEL DORREGO;219;7;5
2019-02-01;06;BUENOS AIRES;06196;CORONEL PRINGLES;339;11;4
2019-02-01;06;BUENOS AIRES;06203;CORONEL SUAREZ;533;42;5
2019-02-01;06;BUENOS AIRES;06231;DAIREAUX;468;13;7
2019-02-01;06;BUENOS AIRES;06245;ENSENADA;457;11;0
2019-02-01;06;BUENOS AIRES;06252;ESCOBAR;628;31;3
2019-02-01;06;BUENOS AIRES;06260;ESTEBAN ECHEVERRIA;1611;4;1
2019-02-01;06;BUENOS AIRES;06266;EXALTACION DE LA CRUZ;452;11;1
2019-02-01;06;BUENOS AIRES;06270;EZEIZA;2713;1;0
2019-02-01;06;BUENOS AIRES;06274;FLORENCIO VARELA;529;21;84
2019-02-01;06;BUENOS AIRES;06277;FLORENTINO AMEGHINO;172;8;1
2019-02-01;06;BUENOS AIRES;06280;GENERAL ALVARADO;693;41;2
2019-02-01;06;BUENOS AIRES;06287;GENERAL ALVEAR;288;4;5
2019-02-01;06;BUENOS AIRES;06294;GENERAL ARENALES;76;3;1
2019-02-01;06;BUENOS AIRES;06301;GENERAL BELGRANO;428;12;7
2019-02-01;06;BUENOS AIRES;06308;GENERAL GUIDO;92;3;0
2019-02-01;06;BUENOS AIRES;06315;GENERAL JUAN MADARIAGA;453;8;4
2019-02-01;06;BUENOS AIRES;06322;GENERAL LA MADRID;435;13;2
2019-02-01;06;BUENOS AIRES;06329;GENERAL LAS HERAS;0;1;0
2019-02-01;06;BUENOS AIRES;06336;GENERAL LAVALLE;170;5;0
2019-02-01;06;BUENOS AIRES;06343;GENERAL PAZ;0;11;0
2019-02-01;06;BUENOS AIRES;06351;GENERAL PINTO;160;5;5
2019-02-01;06;BUENOS AIRES;06357;GENERAL PUEYRREDON;2589;48;41
2019-02-01;06;BUENOS AIRES;06364;GENERAL RODRIGUEZ;1135;5;0
2019-02-01;06;BUENOS AIRES;06371;GENERAL SAN MARTIN;954;28;12
2019-02-01;06;BUENOS AIRES;06385;GENERAL VIAMONTE;386;18;1
2019-02-01;06;BUENOS AIRES;06392;GENERAL VILLEGAS;1543;53;5
2019-02-01;06;BUENOS AIRES;06399;GUAMINI;598;40;2
2019-02-01;06;BUENOS AIRES;06406;HIPOLITO YRIGOYEN;179;7;1
2019-02-01;06;BUENOS AIRES;06408;HURLINGHAM;710;0;0
2019-02-01;06;BUENOS AIRES;06410;ITUZAINGO;2109;0;0
2019-02-01;06;BUENOS AIRES;06412;JOSE C PAZ;1016;19;31
2019-02-01;06;BUENOS AIRES;06413;JUNIN;0;23;0
2019-02-01;06;BUENOS AIRES;06420;LA COSTA;567;25;12
2019-02-01;06;BUENOS AIRES;06427;LA MATANZA;1740;24;7
2019-02-01;06;BUENOS AIRES;06441;LA PLATA;1660;38;153
2019-02-01;06;BUENOS AIRES;06448;LAPRIDA;208;11;0
2019-02-01;06;BUENOS AIRES;06455;LAS FLORES;179;7;11
2019-02-01;06;BUENOS AIRES;06462;LEANDRO N ALEM;160;11;0
2019-02-01;06;BUENOS AIRES;06466;LEZAMA;213;3;1
2019-02-01;06;BUENOS AIRES;06469;LINCOLN;1591;30;15
2019-02-01;06;BUENOS AIRES;06476;LOBERIA;385;20;7
2019-02-01;06;BUENOS AIRES;06483;LOBOS;1673;22;5
2019-02-01;06;BUENOS AIRES;06497;LUJAN;1050;17;0
2019-02-01;06;BUENOS AIRES;06505;MAGDALENA;368;14;5
2019-02-01;06;BUENOS AIRES;06511;MAIPU;400;14;3
2019-02-01;06;BUENOS AIRES;06515;MALVINAS ARGENTINAS;385;19;17
2019-02-01;06;BUENOS AIRES;06518;MAR CHIQUITA;479;21;4
2019-02-01;06;BUENOS AIRES;06525;MARCOS PAZ;0;30;0
2019-02-01;06;BUENOS AIRES;06532;MERCEDES;990;23;0
2019-02-01;06;BUENOS AIRES;06539;MERLO;1564;5;3
2019-02-01;06;BUENOS AIRES;06547;MONTE;0;13;0
2019-02-01;06;BUENOS AIRES;06560;MORENO;3312;8;0
2019-02-01;06;BUENOS AIRES;06568;MORON;1241;26;1
2019-02-01;06;BUENOS AIRES;06574;NAVARRO;449;16;4
2019-02-01;06;BUENOS AIRES;06581;NECOCHEA;577;18;8
2019-02-01;06;BUENOS AIRES;06595;OLAVARRIA;834;20;27
2019-02-01;06;BUENOS AIRES;06602;PATAGONES;697;25;8
2019-02-01;06;BUENOS AIRES;06609;PEHUAJO;1229;42;1
2019-02-01;06;BUENOS AIRES;06616;PELLEGRINI;243;9;0
2019-02-01;06;BUENOS AIRES;06623;PERGAMINO;1671;30;1314
2019-02-01;06;BUENOS AIRES;06630;PILA;189;10;1
2019-02-01;06;BUENOS AIRES;06638;PILAR;1103;30;0
2019-02-01;06;BUENOS AIRES;06644;PINAMAR;243;9;6
2019-02-01;06;BUENOS AIRES;06648;PRESIDENTE PERON;1310;0;0
2019-02-01;06;BUENOS AIRES;06651;PUAN;175;14;9
2019-02-01;06;BUENOS AIRES;06655;PUNTA INDIO;421;11;6
2019-02-01;06;BUENOS AIRES;06665;RAMALLO;883;22;7
2019-02-01;06;BUENOS AIRES;06672;RAUCH;324;12;5
2019-02-01;06;BUENOS AIRES;06679;RIVADAVIA;436;12;8
2019-02-01;06;BUENOS AIRES;06686;ROJAS;693;18;0
2019-02-01;06;BUENOS AIRES;06693;ROQUE PEREZ;0;8;0
2019-02-01;06;BUENOS AIRES;06700;SAAVEDRA;385;19;10
2019-02-01;06;BUENOS AIRES;06707;SALADILLO;502;7;2
2019-02-01;06;BUENOS AIRES;06721;SALLIQUELO;200;6;3
2019-02-01;06;BUENOS AIRES;06714;SALTO;29;10;1
2019-02-01;06;BUENOS AIRES;06749;SAN FERNANDO;1655;14;2
2019-02-01;06;BUENOS AIRES;06728;SAN ANDRES DE GILES;507;33;5
2019-02-01;06;BUENOS AIRES;06735;SAN ANTONIO DE ARECO;0;12;0
2019-02-01;06;BUENOS AIRES;06742;SAN CAYETANO;192;7;1
2019-02-01;06;BUENOS AIRES;06756;SAN ISIDRO;1107;1;28
2019-02-01;06;BUENOS AIRES;06760;SAN MIGUEL;1167;40;19
2019-02-01;06;BUENOS AIRES;06763;SAN NICOLAS;2496;39;28
2019-02-01;06;BUENOS AIRES;06770;SAN PEDRO;901;12;7
2019-02-01;06;BUENOS AIRES;06778;SAN VICENTE;38;1;5
2019-02-01;06;BUENOS AIRES;06784;SUIPACHA;350;10;0
2019-02-01;06;BUENOS AIRES;06791;TANDIL;1066;9;21
2019-02-01;06;BUENOS AIRES;06798;TAPALQUE;0;2;0
2019-02-01;06;BUENOS AIRES;06805;TIGRE;2382;25;19
2019-02-01;06;BUENOS AIRES;06812;TORDILLO;121;0;1
2019-02-01;06;BUENOS AIRES;06819;TORNQUIST;171;19;5
2019-02-01;06;BUENOS AIRES;06826;TRENQUE LAUQUEN;1025;23;3
2019-02-01;06;BUENOS AIRES;06833;TRES ARROYOS;123;8;9
2019-02-01;06;BUENOS AIRES;06840;TRES DE FEBRERO;639;3;9
2019-02-01;06;BUENOS AIRES;06847;TRES LOMAS;342;11;1
2019-02-01;06;BUENOS AIRES;06861;VICENTE LOPEZ;314;31;13
2019-02-01;06;BUENOS AIRES;06868;VILLA GESELL;517;5;13
2019-02-01;06;BUENOS AIRES;06875;VILLARINO;329;44;12
2019-02-01;06;BUENOS AIRES;06882;ZARATE;1892;15;13
2019-02-01;06;BUENOS AIRES;s/d;s/d;1047;30;3
2019-02-01;02;CAPITAL FEDERAL;s/d;s/d;1816;75;32
2019-02-01;10;CATAMARCA;10007;AMBATO;642;18;0
2019-02-01;10;CATAMARCA;10014;ANCASTI;549;7;1
2019-02-01;10;CATAMARCA;10021;ANDALGALA;1646;6;6
2019-02-01;10;CATAMARCA;10028;ANTOFAGASTA DE LA SIERRA;368;3;6
2019-02-01;10;CATAMARCA;10035;BELEN;4265;15;20
2019-02-01;10;CATAMARCA;10042;CAPAYAN;1529;24;35
2019-02-01;10;CATAMARCA;10049;CAPITAL;1416;13;12
2019-02-01;10;CATAMARCA;10056;EL ALTO;423;23;0
2019-02-01;10;CATAMARCA;10063;FRAY MAMERTO ESQUIU;882;16;17
2019-02-01;10;CATAMARCA;10070;LA PAZ;1866;10;3
2019-02-01;10;CATAMARCA;10077;PACLIN;654;24;0
2019-02-01;10;CATAMARCA;10084;POMAN;620;18;6
2019-02-01;10;CATAMARCA;10091;SANTA MARIA;3106;8;8
2019-02-01;10;CATAMARCA;10098;SANTA ROSA;1094;27;0
2019-02-01;10;CATAMARCA;10105;TINOGASTA;2226;5;15
2019-02-01;10;CATAMARCA;10112;VALLE VIEJO;881;21;32
2019-02-01;10;CATAMARCA;s/d;s/d;2823;0;6
2019-02-01;22;CHACO;22126;1° DE MAYO;1111;59;2
2019-02-01;22;CHACO;22036;12 DE OCTUBRE;1559;63;4
2019-02-01;22;CHACO;22039;2 DE ABRIL;384;44;2
2019-02-01;22;CHACO;22168;25 DE MAYO;547;56;6
2019-02-01;22;CHACO;22105;9 DE JULIO;1657;70;7
2019-02-01;22;CHACO;22007;ALMIRANTE BROWN;1945;83;8
2019-02-01;22;CHACO;22014;BERMEJO;1963;109;9
2019-02-01;22;CHACO;22028;CHACABUCO;1179;63;6
2019-02-01;22;CHACO;22021;COMANDANTE FERNANDEZ;3100;65;11
2019-02-01;22;CHACO;22043;FRAY JUSTO SANTA MARIA DE ORO;1274;79;10
2019-02-01;22;CHACO;22049;GENERAL BELGRANO;902;54;4
2019-02-01;22;CHACO;22056;GENERAL DONOVAN;0;109;0
2019-02-01;22;CHACO;22063;GENERAL GUEMES;4610;94;44
2019-02-01;22;CHACO;22070;INDEPENDENCIA;1141;79;2
2019-02-01;22;CHACO;22077;LIBERTAD;706;87;0
2019-02-01;22;CHACO;22084;LIBERTADOR GENERAL SAN MARTIN;1434;148;8
2019-02-01;22;CHACO;22091;MAIPU;2549;0;8
2019-02-01;22;CHACO;22098;MAYOR LUIS J FONTANA;2633;79;19
2019-02-01;22;CHACO;22112;O HIGGINS;1419;95;11
2019-02-01;22;CHACO;22119;PRESIDENCIA DE LA PLAZA;632;120;5
2019-02-01;22;CHACO;22133;QUITILIPI;668;61;0
2019-02-01;22;CHACO;22140;SAN FERNANDO;3405;131;25
2019-02-01;22;CHACO;22147;SAN LORENZO;813;0;7
2019-02-01;22;CHACO;22154;SARGENTO CABRAL;1145;95;3
2019-02-01;22;CHACO;22161;TAPENAGA;920;59;13
2019-02-01;22;CHACO;s/d;s/d;344;69;1
2019-02-01;26;CHUBUT;26007;BIEDMA;1145;6;10
2019-02-01;26;CHUBUT;26014;CUSHAMEN;498;32;5
2019-02-01;26;CHUBUT;26021;ESCALANTE;1169;22;9
2019-02-01;26;CHUBUT;26035;FUTALEUFU;242;25;1
2019-02-01;26;CHUBUT;26042;GAIMAN;160;6;1
2019-02-01;26;CHUBUT;26049;GASTRE;0;7;0
2019-02-01;26;CHUBUT;26056;LANGUIÑEO;0;7;1
2019-02-01;26;CHUBUT;26063;MARTIRES;0;1;0
2019-02-01;26;CHUBUT;26070;PASO DE INDIOS;92;4;4
2019-02-01;26;CHUBUT;26077;RAWSON;416;6;11
2019-02-01;26;CHUBUT;26091;SARMIENTO;333;8;0
2019-02-01;26;CHUBUT;26098;TEHUELCHES;0;6;0
2019-02-01;26;CHUBUT;26105;TELSEN;0;4;0
2019-02-01;26;CHUBUT;s/d;s/d;241;0;11
2019-02-01;14;CORDOBA;14007;CALAMUCHITA;1894;12;11
2019-02-01;14;CORDOBA;14014;CAPITAL;6793;15;16
2019-02-01;14;CORDOBA;14021;COLON;3860;74;8
2019-02-01;14;CORDOBA;14028;CRUZ DEL EJE;894;24;8
2019-02-01;14;CORDOBA;14035;GENERAL ROCA;1051;46;17
2019-02-01;14;CORDOBA;14042;GENERAL SAN MARTIN;4604;60;24
2019-02-01;14;CORDOBA;14049;ISCHILIN;1519;18;7
2019-02-01;14;CORDOBA;14056;JUAREZ CELMAN;1812;60;34
2019-02-01;14;CORDOBA;14063;MARCOS JUAREZ;3059;70;18
2019-02-01;14;CORDOBA;14070;MINAS;417;1;4
2019-02-01;14;CORDOBA;14077;POCHO;756;20;1
2019-02-01;14;CORDOBA;14084;PRESIDENTE ROQUE SAENZ PEÑA;1832;49;11
2019-02-01;14;CORDOBA;14091;PUNILLA;3846;99;0
2019-02-01;14;CORDOBA;;RIO CHICO;251;0;7
2019-02-01;14;CORDOBA;14098;RIO CUARTO;8026;88;52
2019-02-01;14;CORDOBA;14105;RIO PRIMERO;1867;52;19
2019-02-01;14;CORDOBA;14112;RIO SECO;893;42;12
2019-02-01;14;CORDOBA;14119;RIO SEGUNDO;2528;72;6
2019-02-01;14;CORDOBA;14126;SAN ALBERTO;2010;51;19
2019-02-01;14;CORDOBA;14133;SAN JAVIER;2315;66;24
2019-02-01;14;CORDOBA;14140;SAN JUSTO;3545;77;37
2019-02-01;14;CORDOBA;14147;SANTA MARIA;892;25;1
2019-02-01;14;CORDOBA;14154;SOBREMONTE;430;6;1
2019-02-01;14;CORDOBA;14161;TERCERO ARRIBA;2596;48;11
2019-02-01;14;CORDOBA;14168;TOTORAL;0;11;1
2019-02-01;14;CORDOBA;14175;TULUMBA;835;24;12
2019-02-01;14;CORDOBA;14182;UNION;1743;93;20
2019-02-01;14;CORDOBA;s/d;s/d;426;0;1
2019-02-01;18;CORRIENTES;18007;BELLA VISTA;1063;27;1
2019-02-01;18;CORRIENTES;18014;BERON DE ASTRADA;263;4;0
2019-02-01;18;CORRIENTES;18021;CAPITAL;937;28;5
2019-02-01;18;CORRIENTES;18028;CONCEPCION;651;22;5
2019-02-01;18;CORRIENTES;18035;CURUZU CUATIA;1721;7;3
2019-02-01;18;CORRIENTES;18042;EMPEDRADO;918;12;4
2019-02-01;18;CORRIENTES;18049;ESQUINA;1075;23;4
2019-02-01;18;CORRIENTES;18056;GENERAL ALVEAR;1284;0;1
2019-02-01;18;CORRIENTES;18063;GENERAL PAZ;2029;38;1
2019-02-01;18;CORRIENTES;18070;GOYA;4197;40;3
2019-02-01;18;CORRIENTES;18077;ITATI;686;13;2
2019-02-01;18;CORRIENTES;18084;ITUZAINGO;2208;18;0
2019-02-01;18;CORRIENTES;18091;LAVALLE;0;15;1
2019-02-01;18;CORRIENTES;18098;MBURUCUYA;0;11;0
2019-02-01;18;CORRIENTES;18105;MERCEDES;1698;15;8
2019-02-01;18;CORRIENTES;18112;MONTE CASEROS;1606;0;1
2019-02-01;18;CORRIENTES;18119;PASO DE LOS LIBRES;1904;23;10
2019-02-01;18;CORRIENTES;18126;SALADAS;1828;26;1
2019-02-01;18;CORRIENTES;18133;SAN COSME;1213;14;1
2019-02-01;18;CORRIENTES;18140;SAN LUIS DEL PALMAR;1062;24;0
2019-02-01;18;CORRIENTES;18147;SAN MARTIN;745;9;23
2019-02-01;18;CORRIENTES;18154;SAN MIGUEL;1518;17;0
2019-02-01;18;CORRIENTES;18161;SAN ROQUE;1723;20;4
2019-02-01;18;CORRIENTES;18168;SANTO TOME;4281;46;9
2019-02-01;18;CORRIENTES;18175;SAUCE;1989;4;3
2019-02-01;18;CORRIENTES;s/d;s/d;875;0;8
2019-02-01;30;ENTRE RIOS;30008;COLON;2433;23;3
2019-02-01;30;ENTRE RIOS;30015;CONCORDIA;1370;21;7
2019-02-01;30;ENTRE RIOS;30021;DIAMANTE;1208;33;8
2019-02-01;30;ENTRE RIOS;30028;FEDERACION;1611;34;2
2019-02-01;30;ENTRE RIOS;30035;FEDERAL;1980;25;7
2019-02-01;30;ENTRE RIOS;30042;FELICIANO;574;24;2
2019-02-01;30;ENTRE RIOS;30049;GUALEGUAY;1556;28;11
2019-02-01;30;ENTRE RIOS;30056;GUALEGUAYCHU;2347;43;6
2019-02-01;30;ENTRE RIOS;30063;ISLAS DEL IBICUY;585;32;3
2019-02-01;30;ENTRE RIOS;30070;LA PAZ;2239;27;14
2019-02-01;30;ENTRE RIOS;30077;NOGOYA;2197;25;3
2019-02-01;30;ENTRE RIOS;30084;PARANA;6891;48;15
2019-02-01;30;ENTRE RIOS;30088;SAN SALVADOR;1388;29;3
2019-02-01;30;ENTRE RIOS;30091;TALA;788;43;9
2019-02-01;30;ENTRE RIOS;30098;URUGUAY;188;27;2
2019-02-01;30;ENTRE RIOS;30105;VICTORIA;1317;12;1
2019-02-01;30;ENTRE RIOS;30113;VILLAGUAY;1950;19;10
2019-02-01;30;ENTRE RIOS;s/d;s/d;4842;0;9
2019-02-01;34;FORMOSA;34007;BERMEJO;662;69;5
2019-02-01;34;FORMOSA;34014;FORMOSA;2437;87;4
2019-02-01;34;FORMOSA;34021;LAISHI;1747;47;3
2019-02-01;34;FORMOSA;34028;MATACOS;347;41;4
2019-02-01;34;FORMOSA;34035;PATIÑO;2117;110;68
2019-02-01;34;FORMOSA;34042;PILAGAS;2206;63;24
2019-02-01;34;FORMOSA;34049;PILCOMAYO;2399;99;21
2019-02-01;34;FORMOSA;34056;PIRANE;4259;84;9
2019-02-01;34;FORMOSA;34063;RAMON LISTA;688;89;16
2019-02-01;34;FORMOSA;s/d;s/d;1565;89;0
2019-02-01;38;JUJUY;38007;COCHINOCA;293;5;2
2019-02-01;38;JUJUY;38021;DOCTOR MANUEL BELGRANO;3301;51;19
2019-02-01;38;JUJUY;38014;EL CARMEN;1962;58;1
2019-02-01;38;JUJUY;38028;HUMAHUACA;700;9;0
2019-02-01;38;JUJUY;38035;LEDESMA;2358;0;9
2019-02-01;38;JUJUY;38042;PALPALA;1751;29;33
2019-02-01;38;JUJUY;38049;RINCONADA;256;0;1
2019-02-01;38;JUJUY;38056;SAN ANTONIO;425;27;2
2019-02-01;38;JUJUY;38063;SAN PEDRO;4387;49;13
2019-02-01;38;JUJUY;38070;SANTA BARBARA;1172;45;2
2019-02-01;38;JUJUY;38077;SANTA CATALINA;245;13;3
2019-02-01;38;JUJUY;38094;TILCARA;1043;59;2
2019-02-01;38;JUJUY;38098;TUMBAYA;307;29;5
2019-02-01;38;JUJUY;38105;VALLE GRANDE;162;0;0
2019-02-01;38;JUJUY;38112;YAVI;152;5;7
2019-02-01;38;JUJUY;s/d;s/d;400;0;18
2019-02-01;42;LA PAMPA;42007;ATREUCO;124;30;6
2019-02-01;42;LA PAMPA;42014;CALEU CALEU;271;11;0
2019-02-01;42;LA PAMPA;42021;CAPITAL;1507;19;64
2019-02-01;42;LA PAMPA;42028;CATRILO;167;19;5
2019-02-01;42;LA PAMPA;42049;CHALILEO;163;15;3
2019-02-01;42;LA PAMPA;42056;CHAPALEUFU;211;11;1
2019-02-01;42;LA PAMPA;42063;CHICAL CO;106;3;5
2019-02-01;42;LA PAMPA;42035;CONHELO;408;12;3
2019-02-01;42;LA PAMPA;42042;CURACO;253;12;2
2019-02-01;42;LA PAMPA;42070;GUATRACHE;243;9;4
2019-02-01;42;LA PAMPA;42077;HUCAL;383;10;0
2019-02-01;42;LA PAMPA;42084;LIHUEL CALEL;185;1;6
2019-02-01;42;LA PAMPA;42091;LIMAY MAHUIDA;74;6;2
2019-02-01;42;LA PAMPA;42098;LOVENTUE;303;14;2
2019-02-01;42;LA PAMPA;42105;MARACO;922;18;5
2019-02-01;42;LA PAMPA;42112;PUELEN;400;8;5
2019-02-01;42;LA PAMPA;42119;QUEMU QUEMU;332;7;1
2019-02-01;42;LA PAMPA;42126;RANCUL;457;8;5
2019-02-01;42;LA PAMPA;42133;REALICO;422;10;6
2019-02-01;42;LA PAMPA;42140;TOAY;151;10;0
2019-02-01;42;LA PAMPA;42147;TRENEL;177;10;2
2019-02-01;42;LA PAMPA;42154;UTRACAN;499;18;8
2019-02-01;46;LA RIOJA;46007;ARAUCO;302;12;2
2019-02-01;46;LA RIOJA;46014;LA RIOJA;1866;20;9
2019-02-01;46;LA RIOJA;46021;CASTRO BARROS;383;16;2
2019-02-01;46;LA RIOJA;46035;CHAMICAL;385;4;106
2019-02-01;46;LA RIOJA;46042;CHILECITO;2123;61;29
2019-02-01;46;LA RIOJA;46028;CORONEL FELIPE VARELA;1014;20;5
2019-02-01;46;LA RIOJA;46049;FAMATINA;717;30;5
2019-02-01;46;LA RIOJA;46056;GENERAL ANGEL VICENTE PEÑALOZA;270;28;1
2019-02-01;46;LA RIOJA;46063;GENERAL BELGRANO;439;5;109
2019-02-01;46;LA RIOJA;46070;GENERAL JUAN FACUNDO QUIROGA;420;27;0
2019-02-01;46;LA RIOJA;46077;GENERAL LAMADRID;239;6;3
2019-02-01;46;LA RIOJA;46084;GENERAL OCAMPO;196;17;7
2019-02-01;46;LA RIOJA;46091;GENERAL SAN MARTIN;241;4;4
2019-02-01;46;LA RIOJA;46105;INDEPENDENCIA;403;24;4
2019-02-01;46;LA RIOJA;46112;ROSARIO VERA PEÑALOZA;320;4;0
2019-02-01;46;LA RIOJA;46119;SAN BLAS DE LOS SAUCES;160;4;0
2019-02-01;46;LA RIOJA;46126;SANAGASTA;307;4;2
2019-02-01;46;LA RIOJA;46098;VINCHINA;166;15;1
2019-02-01;50;MENDOZA;50007;MENDOZA;357;0;9
2019-02-01;50;MENDOZA;50014;GENERAL ALVEAR;1810;67;18
2019-02-01;50;MENDOZA;50021;GODOY CRUZ;182;0;22
2019-02-01;50;MENDOZA;50028;GUAYMALLEN;1179;59;5
2019-02-01;50;MENDOZA;50035;JUNIN;2632;75;50
2019-02-01;50;MENDOZA;50042;LA PAZ;1226;44;1
2019-02-01;50;MENDOZA;50049;LAS HERAS;567;0;75
2019-02-01;50;MENDOZA;50056;LAVALLE;2730;19;6
2019-02-01;50;MENDOZA;50063;LUJAN DE CUYO;1445;34;19
2019-02-01;50;MENDOZA;50070;MAIPU;1575;14;21
2019-02-01;50;MENDOZA;50077;MALARGUE;0;53;1
2019-02-01;50;MENDOZA;50084;RIVADAVIA;2300;46;8
2019-02-01;50;MENDOZA;50091;SAN CARLOS;761;40;2
2019-02-01;50;MENDOZA;50098;SAN MARTIN;143;27;1
2019-02-01;50;MENDOZA;50105;SAN RAFAEL;3987;42;20
2019-02-01;50;MENDOZA;50112;SANTA ROSA;2003;30;0
2019-02-01;50;MENDOZA;50119;TUNUYAN;1663;48;0
2019-02-01;50;MENDOZA;50126;TUPUNGATO;2069;86;10
2019-02-01;50;MENDOZA;s/d;s/d;793;97;2
2019-02-01;54;MISIONES;54119;25 DE MAYO;4521;32;0
2019-02-01;54;MISIONES;54007;APOSTOLES;2837;37;2
2019-02-01;54;MISIONES;54014;CAINGUAS;3826;34;5
2019-02-01;54;MISIONES;54021;CANDELARIA;1576;31;5
2019-02-01;54;MISIONES;54028;CAPITAL;3104;36;19
2019-02-01;54;MISIONES;54035;CONCEPCION;1127;13;2
2019-02-01;54;MISIONES;54042;ELDORADO;4191;18;28
2019-02-01;54;MISIONES;54049;GENERAL MANUEL BELGRANO;3642;51;4
2019-02-01;54;MISIONES;54056;GUARANI;2436;22;7
2019-02-01;54;MISIONES;54063;IGUAZU;2065;16;11
2019-02-01;54;MISIONES;54070;LEANDRO N. ALEM;3641;55;15
2019-02-01;54;MISIONES;54077;LIBERTADOR GENERAL SAN MARTIN;3042;63;16
2019-02-01;54;MISIONES;54084;MONTECARLO;2284;25;5
2019-02-01;54;MISIONES;54091;OBERA;4713;16;5
2019-02-01;54;MISIONES;54098;SAN IGNACIO;4201;48;18
2019-02-01;54;MISIONES;54105;SAN JAVIER;1485;34;5
2019-02-01;54;MISIONES;54112;SAN PEDRO;3645;16;2
2019-02-01;54;MISIONES;s/d;s/d;0;51;0
2019-02-01;58;NEUQUEN;58007;ALUMINE;458;22;5
2019-02-01;58;NEUQUEN;58014;AÑELO;0;11;0
2019-02-01;58;NEUQUEN;58021;CATAN LIL;301;10;2
2019-02-01;58;NEUQUEN;58042;CHOS MALAL;204;8;5
2019-02-01;58;NEUQUEN;58028;COLLON CURA;368;9;1
2019-02-01;58;NEUQUEN;58035;CONFLUENCIA;1830;35;21
2019-02-01;58;NEUQUEN;58049;HUILICHES;473;25;3
2019-02-01;58;NEUQUEN;58056;LACAR;777;0;15
2019-02-01;58;NEUQUEN;58063;LONCOPUE;179;18;0
2019-02-01;58;NEUQUEN;58070;LOS LAGOS;408;0;97
2019-02-01;58;NEUQUEN;58077;MINAS;179;12;4
2019-02-01;58;NEUQUEN;58084;ÑORQUIN;0;2;0
2019-02-01;58;NEUQUEN;58091;PEHUENCHES;0;6;0
2019-02-01;58;NEUQUEN;58098;PICUN LEUFU;186;6;4
2019-02-01;58;NEUQUEN;58105;PICUNCHES;257;14;1
2019-02-01;58;NEUQUEN;58112;ZAPALA;925;21;6
2019-02-01;62;RIO NEGRO;62035;25 DE MAYO;197;17;2
2019-02-01;62;RIO NEGRO;62042;9 DE JULIO;167;14;1
2019-02-01;62;RIO NEGRO;62056;ADOLFO ALSINA;389;34;6
2019-02-01;62;RIO NEGRO;62070;AVELLANEDA;359;28;4
2019-02-01;62;RIO NEGRO;62077;BARILOCHE;2797;29;35
2019-02-01;62;RIO NEGRO;62084;CONESA;243;17;0
2019-02-01;62;RIO NEGRO;66007;EL CUY;50;9;0
2019-02-01;62;RIO NEGRO;66014;GENERAL ROCA;4922;47;42
2019-02-01;62;RIO NEGRO;66021;ÑORQUINCO;171;1;0
2019-02-01;62;RIO NEGRO;66028;PILCANIYEU;620;42;4
2019-02-01;62;RIO NEGRO;66035;SAN ANTONIO;736;22;0
2019-02-01;62;RIO NEGRO;66042;VALCHETA;203;13;13
2019-02-01;66;SALTA;66007;ANTA;2566;55;18
2019-02-01;66;SALTA;66014;CACHI;567;31;4
2019-02-01;66;SALTA;66021;CAFAYATE;1057;37;12
2019-02-01;66;SALTA;66028;CAPITAL;2249;50;1
2019-02-01;66;SALTA;66035;CERRILLOS;1483;56;1
2019-02-01;66;SALTA;66042;CHICOANA;725;38;43
2019-02-01;66;SALTA;66049;GENERAL GUEMES;1142;48;4
2019-02-01;66;SALTA;66056;GENERAL JOSE DE SAN MARTIN;3077;72;73
2019-02-01;66;SALTA;66063;GUACHIPAS;424;50;1
2019-02-01;66;SALTA;66070;IRUYA;212;32;4
2019-02-01;66;SALTA;66077;LA CALDERA;414;21;29
2019-02-01;66;SALTA;66084;LA CANDELARIA;361;0;1
2019-02-01;66;SALTA;66091;LA POMA;275;15;3
2019-02-01;66;SALTA;66098;LA VIÑA;699;53;4
2019-02-01;66;SALTA;66105;LOS ANDES;256;9;0
2019-02-01;66;SALTA;66112;METAN;1943;78;11
2019-02-01;66;SALTA;66119;MOLINOS;709;31;1
2019-02-01;66;SALTA;66126;ORAN;1529;31;88
2019-02-01;66;SALTA;66133;RIVADAVIA;1119;36;25
2019-02-01;66;SALTA;66140;ROSARIO DE LA FRONTERA;802;3;1
2019-02-01;66;SALTA;66147;ROSARIO DE LERMA;556;17;1
2019-02-01;66;SALTA;66154;SAN CARLOS;452;13;1
2019-02-01;66;SALTA;66161;SANTA VICTORIA;1036;33;26
2019-02-01;66;SALTA;s/d;s/d;180;68;1
2019-02-01;70;SAN JUAN;70126;25 DE MAYO;1550;8;4
2019-02-01;70;SAN JUAN;70063;9 DE JULIO;960;9;9
2019-02-01;70;SAN JUAN;70007;ALBARDON;1171;24;7
2019-02-01;70;SAN JUAN;70014;ANGACO;513;27;2
2019-02-01;70;SAN JUAN;70028;SAN JUAN;698;0;2
2019-02-01;70;SAN JUAN;70021;CALINGASTA;0;19;0
2019-02-01;70;SAN JUAN;70035;CAUCETE;1981;0;16
2019-02-01;70;SAN JUAN;70042;CHIMBAS;1574;15;12
2019-02-01;70;SAN JUAN;70049;IGLESIA;408;31;1
2019-02-01;70;SAN JUAN;70056;JACHAL;1241;39;0
2019-02-01;70;SAN JUAN;70070;POCITO;792;19;2
2019-02-01;70;SAN JUAN;70077;RAWSON;1062;32;4
2019-02-01;70;SAN JUAN;70084;RIVADAVIA;1047;39;5
2019-02-01;70;SAN JUAN;70091;SAN MARTIN;671;13;3
2019-02-01;70;SAN JUAN;70098;SANTA LUCIA;957;18;3
2019-02-01;70;SAN JUAN;70105;SARMIENTO;819;27;0
2019-02-01;70;SAN JUAN;70112;ULLUM;382;18;6
2019-02-01;70;SAN JUAN;70119;VALLE FERTIL;1195;21;0
2019-02-01;70;SAN JUAN;70133;ZONDA;260;15;2
2019-02-01;70;SAN JUAN;s/d;s/d;530;18;0
2019-02-01;74;SAN LUIS;74007;AYACUCHO;561;28;2
2019-02-01;74;SAN LUIS;74014;BELGRANO;435;4;2
2019-02-01;74;SAN LUIS;74028;CHACABUCO;579;26;4
2019-02-01;74;SAN LUIS;74021;CORONEL PRINGLES;410;7;35
2019-02-01;74;SAN LUIS;74035;GENERAL PEDERNERA;1770;45;12
2019-02-01;74;SAN LUIS;74042;GOBERNADOR DUPUY;1215;30;8
2019-02-01;74;SAN LUIS;74056;JUAN MARTIN DE PUEYRREDON;606;26;4
2019-02-01;74;SAN LUIS;74049;JUNIN;867;41;9
2019-02-01;74;SAN LUIS;74063;LIBERTADOR GENERAL SAN MARTIN;382;24;1
2019-02-01;78;SANTA CRUZ;78007;CORPEN AIKE;80;14;0
2019-02-01;78;SANTA CRUZ;78014;DESEADO;762;42;19
2019-02-01;78;SANTA CRUZ;78021;GUER AIKE;572;22;12
2019-02-01;78;SANTA CRUZ;78028;LAGO ARGENTINO;483;22;1
2019-02-01;78;SANTA CRUZ;78035;LAGO BUENOS AIRES;109;14;3
2019-02-01;78;SANTA CRUZ;78042;MAGALLANES;253;10;5
2019-02-01;78;SANTA CRUZ;78049;RIO CHICO;126;8;0
2019-02-01;78;SANTA CRUZ;s/d;s/d;221;0;3
2019-02-01;82;SANTA FE;82077;9 DE JULIO;1652;45;29
2019-02-01;82;SANTA FE;82007;BELGRANO;1518;50;3
2019-02-01;82;SANTA FE;82014;CASEROS;2211;82;18
2019-02-01;82;SANTA FE;82021;CASTELLANOS;6666;211;15
2019-02-01;82;SANTA FE;82028;CONSTITUCION;2015;78;17
2019-02-01;82;SANTA FE;82035;GARAY;996;29;0
2019-02-01;82;SANTA FE;82042;GENERAL LOPEZ;7812;38;15
2019-02-01;82;SANTA FE;82049;GENERAL OBLIGADO;8250;175;85
2019-02-01;82;SANTA FE;82056;IRIONDO;1640;65;16
2019-02-01;82;SANTA FE;82063;LA CAPITAL;3456;114;31
2019-02-01;82;SANTA FE;82070;LAS COLONIAS;2933;40;7
2019-02-01;82;SANTA FE;82084;ROSARIO;4318;128;166
2019-02-01;82;SANTA FE;82091;SAN CRISTOBAL;1929;57;4
2019-02-01;82;SANTA FE;82098;SAN JAVIER;1070;44;2
2019-02-01;82;SANTA FE;82105;SAN JERONIMO;1280;75;16
2019-02-01;82;SANTA FE;82112;SAN JUSTO;1602;56;13
2019-02-01;82;SANTA FE;82119;SAN LORENZO;2311;65;15
2019-02-01;82;SANTA FE;82126;SAN MARTIN;1594;25;4
2019-02-01;82;SANTA FE;82133;VERA;4230;126;62
2019-02-01;82;SANTA FE;s/d;s/d;1354;22;5
2019-02-01;86;SANTIAGO DEL ESTERO;86007;AGUIRRE;332;5;1
2019-02-01;86;SANTIAGO DEL ESTERO;86014;ALBERDI;207;24;3
2019-02-01;86;SANTIAGO DEL ESTERO;86021;ATAMISQUI;819;16;0
2019-02-01;86;SANTIAGO DEL ESTERO;86028;AVELLANEDA;246;3;4
2019-02-01;86;SANTIAGO DEL ESTERO;86035;BANDA;1457;2;0
2019-02-01;86;SANTIAGO DEL ESTERO;86042;BELGRANO;211;28;2
2019-02-01;86;SANTIAGO DEL ESTERO;86049;CAPITAL;2174;0;9
2019-02-01;86;SANTIAGO DEL ESTERO;86063;CHOYA;1483;56;5
2019-02-01;86;SANTIAGO DEL ESTERO;86056;COPO;623;50;3
2019-02-01;86;SANTIAGO DEL ESTERO;86070;FIGUEROA;1344;24;2
2019-02-01;86;SANTIAGO DEL ESTERO;86077;GENERAL TABOADA;1791;36;0
2019-02-01;86;SANTIAGO DEL ESTERO;86084;GUASAYAN;469;29;3
2019-02-01;86;SANTIAGO DEL ESTERO;86091;JIMENEZ;364;23;0
2019-02-01;86;SANTIAGO DEL ESTERO;86098;JUAN F IBARRA;473;15;3
2019-02-01;86;SANTIAGO DEL ESTERO;86105;LORETO;624;15;1
2019-02-01;86;SANTIAGO DEL ESTERO;86112;MITRE;144;6;1
2019-02-01;86;SANTIAGO DEL ESTERO;86119;MORENO;930;21;3
2019-02-01;86;SANTIAGO DEL ESTERO;86133;PELLEGRINI;209;18;0
2019-02-01;86;SANTIAGO DEL ESTERO;86140;QUEBRACHOS;921;0;3
2019-02-01;86;SANTIAGO DEL ESTERO;86147;RIO HONDO;974;27;30
2019-02-01;86;SANTIAGO DEL ESTERO;86154;RIVADAVIA;148;4;0
2019-02-01;86;SANTIAGO DEL ESTERO;86161;ROBLES;892;14;21
2019-02-01;86;SANTIAGO DEL ESTERO;86168;SALAVINA;119;2;3
2019-02-01;86;SANTIAGO DEL ESTERO;86175;SAN MARTIN;549;5;7
2019-02-01;86;SANTIAGO DEL ESTERO;86182;SARMIENTO;847;15;0
2019-02-01;86;SANTIAGO DEL ESTERO;86189;SILIPICA;1620;16;8
2019-02-01;94;TIERRA DEL FUEGO;94007;RIO GRANDE;710;15;20
2019-02-01;94;TIERRA DEL FUEGO;94014;USHUAIA;461;13;8
2019-02-01;94;TIERRA DEL FUEGO;s/d;s/d;0;25;1
2019-02-01;90;TUCUMAN;90007;BURRUYACU;2136;19;5
2019-02-01;90;TUCUMAN;90084;CAPITAL;5640;18;26
2019-02-01;90;TUCUMAN;90021;CHICLIGASTA;3418;34;12
2019-02-01;90;TUCUMAN;90014;CRUZ ALTA;3589;6;1
2019-02-01;90;TUCUMAN;90028;FAMAILLA;2648;10;19
2019-02-01;90;TUCUMAN;90035;GRANEROS;2368;30;4
2019-02-01;90;TUCUMAN;90042;JUAN BAUTISTA ALBERDI;2402;33;3
2019-02-01;90;TUCUMAN;90049;LA COCHA;3067;46;5
2019-02-01;90;TUCUMAN;90056;LEALES;1682;31;2
2019-02-01;90;TUCUMAN;90063;LULES;2084;26;9
2019-02-01;90;TUCUMAN;90070;MONTEROS;3745;5;4
2019-02-01;90;TUCUMAN;90077;RIO CHICO;3354;38;4
2019-02-01;90;TUCUMAN;90091;SIMOCA;5249;90;173
2019-02-01;90;TUCUMAN;90105;TAFI VIEJO;5236;15;19
2019-02-01;90;TUCUMAN;90098;TAFI DEL VALLE;984;8;2
2019-02-01;90;TUCUMAN;90112;TRANCAS;1259;0;5
2019-02-01;90;TUCUMAN;90119;YERBA BUENA;888;11;14
